nationality,race_category,count
ALG,Open Men,1
ALG,Open Women,1
ARG,Pro Men,3
ARM,Open Women,1
AUS,Open Men,100
AUS,Open Women,100
AUS,Pro Men,100
AUS,Pro Women,100
AUT,Pro Women,7
AUT,Pro Men,3
AUT,Open Men,2
AUT,Open Women,2
BAN,Pro Men,1
BEL,Open Men,4
BEL,Open Women,1
BEL,Pro Men,1
BEL,Pro Women,1
BLR,Open Women,1
BRA,Pro Men,6
BRA,Open Women,3
BRA,Pro Women,3
BRA,Open Men,2
BRU,Open Men,8
BRU,Open Women,1
BRU,Pro Women,1
CAM,Open Women,1
CAM,Pro Women,1
CAN,Pro Men,12
CAN,Open Women,10
CAN,Open Men,9
CAN,Pro Women,6
CHI,Pro Men,1
CHN,Open Men,100
CHN,Open Women,100
CHN,Pro Men,100
CHN,Pro Women,100
COK,Open Men,2
COL,Pro Women,2
COL,Open Men,1
COL,Pro Men,1
CRC,Pro Women,1
CZE,Open Women,4
CZE,Pro Men,2
CZE,Pro Women,2
DEN,Open Men,3
DEN,Open Women,1
DEN,Pro Men,1
DEN,Pro Women,1
EGY,Pro Women,1
ENG,Pro Men,17
ENG,Pro Women,3
ESP,Open Men,6
ESP,Pro Men,4
ESP,Pro Women,3
ESP,Open Women,1
EST,Open Men,3
EST,Pro Women,1
ETH,Pro Men,1
FIJ,Open Men,1
FIN,Open Men,2
FIN,Open Women,2
FIN,Pro Men,1
FIN,Pro Women,1
FRA,Pro Men,51
FRA,Open Men,46
FRA,Open Women,13
FRA,Pro Women,13
GBR,Pro Men,75
GBR,Open Men,69
GBR,Open Women,67
GBR,Pro Women,54
GEO,Pro Women,1
GER,Pro Men,27
GER,Open Women,17
GER,Pro Women,14
GER,Open Men,12
GRE,Pro Women,2
GRE,Open Men,1
GRE,Pro Men,1
GUA,Pro Men,1
GUM,Open Women,1
HKG,Open Men,100
HKG,Open Women,88
HKG,Pro Women,81
HKG,Pro Men,66
HUN,Open Men,4
HUN,Open Women,4
INA,Open Women,48
INA,Pro Women,39
INA,Open Men,33
INA,Pro Men,10
IND,Pro Women,7
IND,Pro Men,5
IND,Open Men,2
IRL,Open Men,21
IRL,Pro Men,20
IRL,Open Women,17
IRL,Pro Women,10
IRQ,Open Men,1
ISR,Pro Men,1
ITA,Pro Men,11
ITA,Open Men,10
ITA,Open Women,8
ITA,Pro Women,5
JPN,Open Men,100
JPN,Open Women,100
JPN,Pro Men,100
JPN,Pro Women,100
KAZ,Open Women,2
KAZ,Pro Men,1
KAZ,Pro Women,1
KGZ,Pro Women,1
KOR,Open Men,100
KOR,Pro Men,100
KOR,Open Women,97
KOR,Pro Women,87
KUW,Open Men,1
KUW,Open Women,1
KUW,Pro Men,1
LAO,Pro Women,1
LAT,Pro Women,2
LBN,Open Men,1
LBN,Pro Women,1
LES,Pro Women,1
LTU,Open Men,1
LTU,Pro Men,1
LUX,Open Women,1
LUX,Pro Women,1
MAC,Pro Women,5
MAC,Pro Men,3
MAC,Open Men,2
MAC,Open Women,1
MAD,Pro Men,1
MAR,Pro Women,3
MAR,Open Men,1
MAS,Open Women,34
MAS,Pro Women,28
MAS,Open Men,26
MAS,Pro Men,10
MDA,Open Women,2
MEX,Open Men,3
MEX,Pro Women,1
MGL,Open Men,4
MLT,Pro Men,1
MRI,Pro Men,2
MRI,Pro Women,1
MYA,Open Men,2
MYA,Pro Women,2
NCL,Open Women,1
NED,Open Women,10
NED,Pro Women,10
NED,Open Men,9
NED,Pro Men,9
NEP,Open Women,1
NEP,Pro Men,1
NOR,Open Women,4
NOR,Pro Women,2
NOR,Open Men,1
NZL,Pro Men,47
NZL,Pro Women,36
NZL,Open Women,34
NZL,Open Men,31
PER,Open Women,1
PHI,Pro Women,30
PHI,Open Women,26
PHI,Open Men,22
PHI,Pro Men,12
POL,Open Women,5
POL,Pro Women,3
POL,Pro Men,2
POL,Open Men,1
POR,Pro Men,5
POR,Open Men,4
POR,Open Women,1
REU,Open Women,2
REU,Open Men,1
RSA,Open Men,8
RSA,Pro Men,8
RSA,Pro Women,8
RSA,Open Women,6
RUS,Pro Men,9
RUS,Open Women,7
RUS,Open Men,6
RUS,Pro Women,6
SAM,Pro Men,2
SAM,Open Women,1
SCO,Pro Women,2
SCO,Open Women,1
SIN,Open Women,86
SIN,Pro Women,68
SIN,Pro Men,63
SIN,Open Men,55
SRB,Pro Men,2
SRI,Open Men,3
SRI,Pro Women,1
SUI,Open Men,8
SUI,Pro Men,6
SUI,Open Women,5
SUI,Pro Women,3
SVK,Pro Men,1
SWE,Pro Men,5
SWE,Pro Women,4
SWE,Open Women,3
SWE,Open Men,1
SYR,Pro Men,3
TGA,Open Men,2
THA,Open Women,72
THA,Pro Women,53
THA,Open Men,40
THA,Pro Men,39
TPE,Pro Men,46
TPE,Open Women,43
TPE,Open Men,30
TPE,Pro Women,23
TUR,Pro Men,6
TUR,Open Men,1
TUR,Open Women,1
UAE,Pro Men,1
UGA,Pro Men,1
UKR,Pro Men,8
UKR,Open Men,1
UKR,Open Women,1
UKR,Pro Women,1
USA,Pro Men,34
USA,Open Men,33
USA,Open Women,29
USA,Pro Women,24
VIE,Open Women,2
VIE,Pro Women,2
VIE,Pro Men,1
WLS,Pro Women,2
ZIM,Open Women,1
ZIM,Pro Women,1
